{
  "_format": "hh-sol-cache-2",
  "files": {
    "/Users/touresouleymane/Documents/PROJETS/WEALTHTEACH/tokenfactoryv2/nft/contracts/helpers/IERC20.sol": {
      "lastModificationDate": 1637399137985,
      "contentHash": "9ae53702c9b20d9e7a9abb926195cc7c",
      "sourceName": "contracts/helpers/IERC20.sol",
      "solcConfig": {
        "version": "0.8.9",
        "settings": {
          "optimizer": {
            "enabled": false,
            "runs": 200
          },
          "outputSelection": {
            "*": {
              "*": [
                "abi",
                "evm.bytecode",
                "evm.deployedBytecode",
                "evm.methodIdentifiers",
                "metadata"
              ],
              "": [
                "ast"
              ]
            }
          }
        }
      },
      "imports": [],
      "versionPragmas": [
        "^0.8.9"
      ],
      "artifacts": [
        "IERC20"
      ]
    },
    "/Users/touresouleymane/Documents/PROJETS/WEALTHTEACH/tokenfactoryv2/nft/contracts/utils/IERC20Metadata.sol": {
      "lastModificationDate": 1637399137987,
      "contentHash": "2b1abe685b7b1f7c8bb803b02bc28426",
      "sourceName": "contracts/utils/IERC20Metadata.sol",
      "solcConfig": {
        "version": "0.8.9",
        "settings": {
          "optimizer": {
            "enabled": false,
            "runs": 200
          },
          "outputSelection": {
            "*": {
              "*": [
                "abi",
                "evm.bytecode",
                "evm.deployedBytecode",
                "evm.methodIdentifiers",
                "metadata"
              ],
              "": [
                "ast"
              ]
            }
          }
        }
      },
      "imports": [
        "../helpers/IERC20.sol"
      ],
      "versionPragmas": [
        "^0.8.9"
      ],
      "artifacts": [
        "IERC20Metadata"
      ]
    },
    "/Users/touresouleymane/Documents/PROJETS/WEALTHTEACH/tokenfactoryv2/nft/contracts/helpers/SafeMath.sol": {
      "lastModificationDate": 1637399137986,
      "contentHash": "348b0a3ae3ddd42a23211974987c252e",
      "sourceName": "contracts/helpers/SafeMath.sol",
      "solcConfig": {
        "version": "0.8.9",
        "settings": {
          "optimizer": {
            "enabled": false,
            "runs": 200
          },
          "outputSelection": {
            "*": {
              "*": [
                "abi",
                "evm.bytecode",
                "evm.deployedBytecode",
                "evm.methodIdentifiers",
                "metadata"
              ],
              "": [
                "ast"
              ]
            }
          }
        }
      },
      "imports": [],
      "versionPragmas": [
        "^0.8.9"
      ],
      "artifacts": [
        "SafeMath"
      ]
    },
    "/Users/touresouleymane/Documents/PROJETS/WEALTHTEACH/tokenfactoryv2/nft/node_modules/@openzeppelin/contracts/token/ERC721/ERC721.sol": {
      "lastModificationDate": 1637399139249,
      "contentHash": "a4f6dccf3f15b6844e357f737a572388",
      "sourceName": "@openzeppelin/contracts/token/ERC721/ERC721.sol",
      "solcConfig": {
        "version": "0.8.9",
        "settings": {
          "optimizer": {
            "enabled": false,
            "runs": 200
          },
          "outputSelection": {
            "*": {
              "*": [
                "abi",
                "evm.bytecode",
                "evm.deployedBytecode",
                "evm.methodIdentifiers",
                "metadata"
              ],
              "": [
                "ast"
              ]
            }
          }
        }
      },
      "imports": [
        "./IERC721.sol",
        "./IERC721Receiver.sol",
        "./extensions/IERC721Metadata.sol",
        "../../utils/Address.sol",
        "../../utils/Context.sol",
        "../../utils/Strings.sol",
        "../../utils/introspection/ERC165.sol"
      ],
      "versionPragmas": [
        "^0.8.0"
      ],
      "artifacts": [
        "ERC721"
      ]
    },
    "/Users/touresouleymane/Documents/PROJETS/WEALTHTEACH/tokenfactoryv2/nft/node_modules/@openzeppelin/contracts/token/ERC721/IERC721.sol": {
      "lastModificationDate": 1637399139249,
      "contentHash": "53919d6975f2c0f3dffee5e3a1064116",
      "sourceName": "@openzeppelin/contracts/token/ERC721/IERC721.sol",
      "solcConfig": {
        "version": "0.8.9",
        "settings": {
          "optimizer": {
            "enabled": false,
            "runs": 200
          },
          "outputSelection": {
            "*": {
              "*": [
                "abi",
                "evm.bytecode",
                "evm.deployedBytecode",
                "evm.methodIdentifiers",
                "metadata"
              ],
              "": [
                "ast"
              ]
            }
          }
        }
      },
      "imports": [
        "../../utils/introspection/IERC165.sol"
      ],
      "versionPragmas": [
        "^0.8.0"
      ],
      "artifacts": [
        "IERC721"
      ]
    },
    "/Users/touresouleymane/Documents/PROJETS/WEALTHTEACH/tokenfactoryv2/nft/node_modules/@openzeppelin/contracts/token/ERC721/IERC721Receiver.sol": {
      "lastModificationDate": 1637399139249,
      "contentHash": "9a367cecca6fed80a3e975b7e6b3bd5c",
      "sourceName": "@openzeppelin/contracts/token/ERC721/IERC721Receiver.sol",
      "solcConfig": {
        "version": "0.8.9",
        "settings": {
          "optimizer": {
            "enabled": false,
            "runs": 200
          },
          "outputSelection": {
            "*": {
              "*": [
                "abi",
                "evm.bytecode",
                "evm.deployedBytecode",
                "evm.methodIdentifiers",
                "metadata"
              ],
              "": [
                "ast"
              ]
            }
          }
        }
      },
      "imports": [],
      "versionPragmas": [
        "^0.8.0"
      ],
      "artifacts": [
        "IERC721Receiver"
      ]
    },
    "/Users/touresouleymane/Documents/PROJETS/WEALTHTEACH/tokenfactoryv2/nft/node_modules/@openzeppelin/contracts/token/ERC721/extensions/IERC721Metadata.sol": {
      "lastModificationDate": 1637399139250,
      "contentHash": "8aa69ca8424167555baaaa9f607801db",
      "sourceName": "@openzeppelin/contracts/token/ERC721/extensions/IERC721Metadata.sol",
      "solcConfig": {
        "version": "0.8.9",
        "settings": {
          "optimizer": {
            "enabled": false,
            "runs": 200
          },
          "outputSelection": {
            "*": {
              "*": [
                "abi",
                "evm.bytecode",
                "evm.deployedBytecode",
                "evm.methodIdentifiers",
                "metadata"
              ],
              "": [
                "ast"
              ]
            }
          }
        }
      },
      "imports": [
        "../IERC721.sol"
      ],
      "versionPragmas": [
        "^0.8.0"
      ],
      "artifacts": [
        "IERC721Metadata"
      ]
    },
    "/Users/touresouleymane/Documents/PROJETS/WEALTHTEACH/tokenfactoryv2/nft/node_modules/@openzeppelin/contracts/utils/Address.sol": {
      "lastModificationDate": 1637399139253,
      "contentHash": "c5f6c4e4df069c789e7d84b4c3011913",
      "sourceName": "@openzeppelin/contracts/utils/Address.sol",
      "solcConfig": {
        "version": "0.8.9",
        "settings": {
          "optimizer": {
            "enabled": false,
            "runs": 200
          },
          "outputSelection": {
            "*": {
              "*": [
                "abi",
                "evm.bytecode",
                "evm.deployedBytecode",
                "evm.methodIdentifiers",
                "metadata"
              ],
              "": [
                "ast"
              ]
            }
          }
        }
      },
      "imports": [],
      "versionPragmas": [
        "^0.8.0"
      ],
      "artifacts": [
        "Address"
      ]
    },
    "/Users/touresouleymane/Documents/PROJETS/WEALTHTEACH/tokenfactoryv2/nft/node_modules/@openzeppelin/contracts/utils/Context.sol": {
      "lastModificationDate": 1637399139253,
      "contentHash": "851485d5b925529b1a2f34a0be077891",
      "sourceName": "@openzeppelin/contracts/utils/Context.sol",
      "solcConfig": {
        "version": "0.8.9",
        "settings": {
          "optimizer": {
            "enabled": false,
            "runs": 200
          },
          "outputSelection": {
            "*": {
              "*": [
                "abi",
                "evm.bytecode",
                "evm.deployedBytecode",
                "evm.methodIdentifiers",
                "metadata"
              ],
              "": [
                "ast"
              ]
            }
          }
        }
      },
      "imports": [],
      "versionPragmas": [
        "^0.8.0"
      ],
      "artifacts": [
        "Context"
      ]
    },
    "/Users/touresouleymane/Documents/PROJETS/WEALTHTEACH/tokenfactoryv2/nft/node_modules/@openzeppelin/contracts/utils/Strings.sol": {
      "lastModificationDate": 1637399139256,
      "contentHash": "62142442bed149f965c5ed971fae4182",
      "sourceName": "@openzeppelin/contracts/utils/Strings.sol",
      "solcConfig": {
        "version": "0.8.9",
        "settings": {
          "optimizer": {
            "enabled": false,
            "runs": 200
          },
          "outputSelection": {
            "*": {
              "*": [
                "abi",
                "evm.bytecode",
                "evm.deployedBytecode",
                "evm.methodIdentifiers",
                "metadata"
              ],
              "": [
                "ast"
              ]
            }
          }
        }
      },
      "imports": [],
      "versionPragmas": [
        "^0.8.0"
      ],
      "artifacts": [
        "Strings"
      ]
    },
    "/Users/touresouleymane/Documents/PROJETS/WEALTHTEACH/tokenfactoryv2/nft/node_modules/@openzeppelin/contracts/utils/introspection/ERC165.sol": {
      "lastModificationDate": 1637399139259,
      "contentHash": "a9a5319dff9088c6ffe757ea1c2a6729",
      "sourceName": "@openzeppelin/contracts/utils/introspection/ERC165.sol",
      "solcConfig": {
        "version": "0.8.9",
        "settings": {
          "optimizer": {
            "enabled": false,
            "runs": 200
          },
          "outputSelection": {
            "*": {
              "*": [
                "abi",
                "evm.bytecode",
                "evm.deployedBytecode",
                "evm.methodIdentifiers",
                "metadata"
              ],
              "": [
                "ast"
              ]
            }
          }
        }
      },
      "imports": [
        "./IERC165.sol"
      ],
      "versionPragmas": [
        "^0.8.0"
      ],
      "artifacts": [
        "ERC165"
      ]
    },
    "/Users/touresouleymane/Documents/PROJETS/WEALTHTEACH/tokenfactoryv2/nft/node_modules/@openzeppelin/contracts/utils/introspection/IERC165.sol": {
      "lastModificationDate": 1637399139260,
      "contentHash": "9a04322bb8f6b8f2767d8358d1d2537b",
      "sourceName": "@openzeppelin/contracts/utils/introspection/IERC165.sol",
      "solcConfig": {
        "version": "0.8.9",
        "settings": {
          "optimizer": {
            "enabled": false,
            "runs": 200
          },
          "outputSelection": {
            "*": {
              "*": [
                "abi",
                "evm.bytecode",
                "evm.deployedBytecode",
                "evm.methodIdentifiers",
                "metadata"
              ],
              "": [
                "ast"
              ]
            }
          }
        }
      },
      "imports": [],
      "versionPragmas": [
        "^0.8.0"
      ],
      "artifacts": [
        "IERC165"
      ]
    },
    "/Users/touresouleymane/Documents/PROJETS/WEALTHTEACH/tokenfactoryv2/nft/contracts/utils/Context.sol": {
      "lastModificationDate": 1637399137986,
      "contentHash": "91a4564fa9b09e299cee1826d3df88f7",
      "sourceName": "contracts/utils/Context.sol",
      "solcConfig": {
        "version": "0.8.9",
        "settings": {
          "optimizer": {
            "enabled": false,
            "runs": 200
          },
          "outputSelection": {
            "*": {
              "*": [
                "abi",
                "evm.bytecode",
                "evm.deployedBytecode",
                "evm.methodIdentifiers",
                "metadata"
              ],
              "": [
                "ast"
              ]
            }
          }
        }
      },
      "imports": [],
      "versionPragmas": [
        "^0.8.9"
      ],
      "artifacts": [
        "Context"
      ]
    },
    "/Users/touresouleymane/Documents/PROJETS/WEALTHTEACH/tokenfactoryv2/nft/node_modules/@openzeppelin/contracts/utils/Counters.sol": {
      "lastModificationDate": 1637399139253,
      "contentHash": "b7811964d33f23b2d45ed3ebb76a4548",
      "sourceName": "@openzeppelin/contracts/utils/Counters.sol",
      "solcConfig": {
        "version": "0.8.9",
        "settings": {
          "optimizer": {
            "enabled": false,
            "runs": 200
          },
          "outputSelection": {
            "*": {
              "*": [
                "abi",
                "evm.bytecode",
                "evm.deployedBytecode",
                "evm.methodIdentifiers",
                "metadata"
              ],
              "": [
                "ast"
              ]
            }
          }
        }
      },
      "imports": [],
      "versionPragmas": [
        "^0.8.0"
      ],
      "artifacts": [
        "Counters"
      ]
    },
    "/Users/touresouleymane/Documents/PROJETS/WEALTHTEACH/tokenfactoryv2/nft/node_modules/@openzeppelin/contracts/access/Ownable.sol": {
      "lastModificationDate": 1637399139191,
      "contentHash": "4fe56b59ced59d87df6b796758f62895",
      "sourceName": "@openzeppelin/contracts/access/Ownable.sol",
      "solcConfig": {
        "version": "0.8.9",
        "settings": {
          "optimizer": {
            "enabled": false,
            "runs": 200
          },
          "outputSelection": {
            "*": {
              "*": [
                "abi",
                "evm.bytecode",
                "evm.deployedBytecode",
                "evm.methodIdentifiers",
                "metadata"
              ],
              "": [
                "ast"
              ]
            }
          }
        }
      },
      "imports": [
        "../utils/Context.sol"
      ],
      "versionPragmas": [
        "^0.8.0"
      ],
      "artifacts": [
        "Ownable"
      ]
    },
    "/Users/touresouleymane/Documents/PROJETS/WEALTHTEACH/tokenfactoryv2/nft/node_modules/@openzeppelin/contracts/token/ERC721/extensions/ERC721URIStorage.sol": {
      "lastModificationDate": 1637399139250,
      "contentHash": "94da923c22e9773af388607307182c80",
      "sourceName": "@openzeppelin/contracts/token/ERC721/extensions/ERC721URIStorage.sol",
      "solcConfig": {
        "version": "0.8.9",
        "settings": {
          "optimizer": {
            "enabled": false,
            "runs": 200
          },
          "outputSelection": {
            "*": {
              "*": [
                "abi",
                "evm.bytecode",
                "evm.deployedBytecode",
                "evm.methodIdentifiers",
                "metadata"
              ],
              "": [
                "ast"
              ]
            }
          }
        }
      },
      "imports": [
        "../ERC721.sol"
      ],
      "versionPragmas": [
        "^0.8.0"
      ],
      "artifacts": [
        "ERC721URIStorage"
      ]
    },
    "/Users/touresouleymane/Documents/PROJETS/WEALTHTEACH/tokenfactoryv2/nft/contracts/MyNFT.sol": {
      "lastModificationDate": 1637401087999,
      "contentHash": "afae9e58a27ff44805f999be157e677b",
      "sourceName": "contracts/MyNFT.sol",
      "solcConfig": {
        "version": "0.8.9",
        "settings": {
          "optimizer": {
            "enabled": false,
            "runs": 200
          },
          "outputSelection": {
            "*": {
              "*": [
                "abi",
                "evm.bytecode",
                "evm.deployedBytecode",
                "evm.methodIdentifiers",
                "metadata"
              ],
              "": [
                "ast"
              ]
            }
          }
        }
      },
      "imports": [
        "@openzeppelin/contracts/token/ERC721/ERC721.sol",
        "@openzeppelin/contracts/utils/Counters.sol",
        "@openzeppelin/contracts/access/Ownable.sol",
        "@openzeppelin/contracts/token/ERC721/extensions/ERC721URIStorage.sol"
      ],
      "versionPragmas": [
        "^0.8.9"
      ],
      "artifacts": [
        "MyNFT"
      ]
    }
  }
}
